{"val_loss": [1.4505783882141112, 0.8870759916305542, 0.9108282864570618, 0.8047100529670715, 0.7628528415679932, 0.6729534341812133, 0.7515319658279419, 0.6791356586456299, 0.6365801779747009, 0.6243885623931885, 0.5960478798866272, 0.7062323625564575, 0.6177777372360229, 0.5955571488380432, 0.5844499604225158, 0.6380305439949036, 0.5771692276000977, 0.588896563243866], "val_acc": [0.5342, 0.6933, 0.6828, 0.7189, 0.7406, 0.7698, 0.7515, 0.7688, 0.7872, 0.7877, 0.8017, 0.7714, 0.7968, 0.8038, 0.8072, 0.7915, 0.8151, 0.8105], "loss": [1.6103120906448365, 1.1413648490905761, 0.9711052976608276, 0.8619320568275451, 0.7900970632934571, 0.7280463862133026, 0.6818786205863953, 0.6389964630126953, 0.5937908560943603, 0.5612580750846863, 0.5329022460365296, 0.4973343272781372, 0.46791422422409057, 0.45729606826782226, 0.4315612143802643, 0.40055949688911435, 0.38440813721656797, 0.36822378123283384], "acc": [0.46288, 0.60628, 0.66508, 0.70184, 0.72472, 0.74612, 0.7629, 0.77642, 0.79288, 0.80342, 0.81328, 0.82474, 0.83502, 0.83932, 0.84764, 0.8567, 0.86378, 0.87016]}