{"val_loss": [1.2818927318573, 1.0237088302612305, 0.8095251749038697, 0.7592006175994873, 0.7322177903175354, 0.6727850137710571, 0.6540230394363403, 0.6324026153564453, 0.6198304723739624, 0.6127237982749939, 0.6248932277679443, 0.6017839338302612, 0.5760479396820068, 0.5967779356956482, 0.5631027403831482, 0.5623450572013855, 0.6049161314964294, 0.5721916164398193, 0.5746263415336609, 0.5707558638572693, 0.5587046070098877, 0.5466766997814179, 0.5544129522323609, 0.5581712809085846, 0.5658738615512848], "val_acc": [0.5573, 0.6468, 0.7221, 0.7256, 0.7447, 0.7616, 0.7716, 0.7781, 0.7842, 0.7876, 0.7812, 0.7942, 0.8009, 0.7945, 0.8069, 0.8085, 0.7984, 0.8057, 0.8052, 0.8095, 0.8098, 0.8153, 0.8112, 0.8128, 0.8121], "loss": [1.6584288119125365, 1.1804926509857179, 0.975834588546753, 0.8645209241485595, 0.7897304111480713, 0.7362982290935516, 0.6914596927642822, 0.6503687096977234, 0.6141803979206085, 0.5894174323272705, 0.5599496049499512, 0.5369638234996795, 0.5210185357284546, 0.497078852596283, 0.47624792167663577, 0.46350043615341185, 0.44538987983703615, 0.4272483610248566, 0.4206297393035889, 0.4092389832878113, 0.39372756101608275, 0.38752378157615663, 0.3671887177562714, 0.36120781490325926, 0.35231355003356934], "acc": [0.44614, 0.59172, 0.65948, 0.69736, 0.72638, 0.74082, 0.75626, 0.77258, 0.78472, 0.79402, 0.8012, 0.81016, 0.81498, 0.82402, 0.83066, 0.83572, 0.84284, 0.84764, 0.85082, 0.8535, 0.85998, 0.86274, 0.86892, 0.87262, 0.87542]}